-- phpMyAdmin SQL Dump
-- version 4.5.2
-- http://www.phpmyadmin.net
--
-- 主機: localhost
-- 產生時間： 2017 年 05 月 30 日 17:44
-- 伺服器版本: 10.1.13-MariaDB
-- PHP 版本： 5.6.21

SET SQL_MODE = "NO_AUTO_VALUE_ON_ZERO";
SET time_zone = "+00:00";


/*!40101 SET @OLD_CHARACTER_SET_CLIENT=@@CHARACTER_SET_CLIENT */;
/*!40101 SET @OLD_CHARACTER_SET_RESULTS=@@CHARACTER_SET_RESULTS */;
/*!40101 SET @OLD_COLLATION_CONNECTION=@@COLLATION_CONNECTION */;
/*!40101 SET NAMES utf8mb4 */;

--
-- 資料庫： `WL`
--

-- --------------------------------------------------------

--
-- 資料表結構 `ITEMMAS`
--

CREATE TABLE `ITEMMAS` (
  `ITEMNO` varchar(25) COLLATE utf8_bin NOT NULL,
  `ITEMNM` varchar(50) COLLATE utf8_bin NOT NULL,
  `ITEMCLASS` varchar(1) COLLATE utf8_bin NOT NULL,
  `TOTALAMT` int(11) NOT NULL,
  `UPDATEDATE` datetime NOT NULL,
  `ACTCODE` tinyint(1) NOT NULL DEFAULT '1'
) ENGINE=InnoDB DEFAULT CHARSET=utf8 COLLATE=utf8_bin COMMENT='物料主檔';

--
-- 資料表的匯出資料 `ITEMMAS`
--

INSERT INTO `ITEMMAS` (`ITEMNO`, `ITEMNM`, `ITEMCLASS`, `TOTALAMT`, `UPDATEDATE`, `ACTCODE`) VALUES
('additive_001', '金針花瓣', 'B', 0, '2017-06-01 00:00:00', 1),
('additive_002', '釋迦果粉', 'B', 0, '2017-06-01 00:00:00', 1),
('additive_003', '釋迦果泥', 'B', 0, '2017-06-01 00:00:00', 1),
('additive_004', '米粉', 'B', 0, '2017-06-01 00:00:00', 1),
('additive_005', '蕁麻葉粉', 'B', 0, '2017-06-01 00:00:00', 1),
('additive_006', '金盞花粉', 'B', 0, '2017-06-01 00:00:00', 1),
('additive_007', '金針花粉', 'B', 0, '2017-06-01 00:00:00', 1),
('additive_008', '薑黃粉', 'B', 0, '2017-06-01 00:00:00', 1),
('additive_009', '紅麴粉', 'B', 0, '2017-06-01 00:00:00', 1),
('additive_010', '洛神花粉', 'B', 0, '2017-06-01 00:00:00', 1),
('additive_011', '蜜蠟', 'B', 0, '2017-06-01 00:00:00', 1),
('additive_012', '黑豆粉', 'B', 0, '2017-06-01 00:00:00', 1),
('additive_013', '蜂蜜', 'B', 0, '2017-06-01 00:00:00', 1),
('additive_014', '地瓜', 'B', 0, '2017-06-01 00:00:00', 1),
('additive_015', '金棗', 'B', 0, '2017-06-01 00:00:00', 1),
('additive_016', '海藻乾燥', 'B', 0, '2017-06-01 00:00:00', 1),
('additive_017', '竹炭粉', 'B', 0, '2017-06-01 00:00:00', 1),
('NaOH', '鹼', 'A', 0, '2017-06-01 00:00:00', 1),
('oil_001', '橄欖油', 'A', 0, '2017-06-01 00:00:00', 1),
('oil_002', '棕梠油', 'A', 0, '2017-06-01 00:00:00', 1),
('oil_003', '椰子油', 'A', 0, '2017-06-01 00:00:00', 1),
('oil_004', '米糠油', 'A', 0, '2017-06-01 00:00:00', 1),
('oil_005', '紅棕梠油', 'A', 0, '2017-06-01 00:00:00', 1),
('oil_006', '葡萄籽油', 'A', 0, '2017-06-01 00:00:00', 1),
('oil_007', '苦茶油', 'A', 0, '2017-06-01 00:00:00', 1),
('oil_008', '蓖麻油', 'A', 0, '2017-06-01 00:00:00', 1),
('oil_009', '乳油木果脂', 'A', 0, '2017-06-01 00:00:00', 1),
('oil_010', '榛果油', 'A', 0, '2017-06-01 00:00:00', 1),
('oil_011', '芥花油', 'A', 0, '2017-06-01 00:00:00', 1),
('oil_012', '酪梨油', 'A', 0, '2017-06-01 00:00:00', 1),
('oil_013', '甜杏仁油', 'A', 0, '2017-06-01 00:00:00', 1),
('oil_014', '山茶花油', 'A', 0, '2017-06-01 00:00:00', 1),
('package_001', '不織布包', 'C', 0, '2017-06-01 00:00:00', 1),
('package_002a', '洛神紅麴皂絲鋁包', 'C', 0, '2017-06-01 00:00:00', 1),
('package_002b', '暖暖薑黃皂絲鋁包', 'C', 0, '2017-06-01 00:00:00', 1),
('package_002c', '萱草米黃皂絲鋁包', 'C', 0, '2017-06-01 00:00:00', 1),
('package_002d', '黑豆清爽皂絲鋁包', 'C', 0, '2017-06-01 00:00:00', 1),
('package_002e', '米糠馬賽皂絲鋁包', 'C', 0, '2017-06-01 00:00:00', 1),
('package_002f', '蜂蜜甜心皂絲鋁包', 'C', 0, '2017-06-01 00:00:00', 1),
('package_003', '單顆皂禮盒封套', 'C', 0, '2017-06-01 00:00:00', 1),
('package_004', '單顆皂禮盒內盒', 'C', 0, '2017-06-01 00:00:00', 1),
('package_005', '皂絲禮盒', 'C', 0, '2017-06-01 00:00:00', 1),
('package_006', '內襯', 'C', 0, '2017-06-01 00:00:00', 1),
('package_007a', '米皂外盒100g', 'C', 0, '2017-06-01 00:00:00', 1),
('package_007b', '米皂外盒50g', 'C', 0, '2017-06-01 00:00:00', 0),
('package_008a', '金針皂外盒100g', 'C', 0, '2017-06-01 00:00:00', 1),
('package_008b', '金針皂外盒50g', 'C', 0, '2017-06-01 00:00:00', 0),
('package_009a', '釋迦皂外盒100g', 'C', 0, '2017-06-01 00:00:00', 1),
('package_009b', '釋迦皂外盒50g', 'C', 0, '2017-06-01 00:00:00', 0),
('package_010a', '地瓜皂外盒100g', 'C', 0, '2017-06-01 00:00:00', 1),
('package_010b', '地瓜皂外盒50g', 'C', 0, '2017-06-01 00:00:00', 0),
('package_011a', '金棗皂外盒100g', 'C', 0, '2017-06-01 00:00:00', 1),
('package_011b', '金棗皂外盒50g', 'C', 0, '2017-06-01 00:00:00', 0),
('package_012a', '海藻皂外盒100g', 'C', 0, '2017-06-01 00:00:00', 1),
('package_012b', '海藻皂外盒50g', 'C', 0, '2017-06-01 00:00:00', 0),
('moon_package_1', '中秋大禮盒上蓋(兔子)', 'C', 0, '2017-06-01 00:00:00', 0),
('moon_package_2', '中秋大禮盒上蓋(熱氣球)', 'C', 0, '2017-06-01 00:00:00', 0),
('moon_package_3', '中秋大禮盒底座', 'C', 0, '2017-06-01 00:00:00', 0),
('moon_package_4', '中秋大禮盒內襯', 'C', 0, '2017-06-01 00:00:00', 0),
('moon_package_5', '中秋小禮盒封套', 'C', 0, '2017-06-01 00:00:00', 0),
('product_sp_001a', '田靜山巒禾風皂100g', 'D', 0, '2017-06-01 00:00:00', 1),
('product_sp_001b', '田靜山巒禾風皂50g', 'D', 0, '2017-06-01 00:00:00', 0),
('product_sp_002a', '金絲森林渲染皂100g', 'D', 0, '2017-06-01 00:00:00', 1),
('product_sp_002b', '金絲森林渲染皂50g', 'D', 0, '2017-06-01 00:00:00', 0),
('product_sp_003a', '釋迦手感果力皂100g', 'D', 0, '2017-06-01 00:00:00', 1),
('product_sp_003b', '釋迦手感果力皂50g', 'D', 0, '2017-06-01 00:00:00', 0),
('product_sp_004a', '紅瓜天然家事皂100g', 'D', 0, '2017-06-01 00:00:00', 1),
('product_sp_004b', '紅瓜天然家事皂50g', 'D', 0, '2017-06-01 00:00:00', 0),
('product_sp_005a', '金柑苦茶洗髮皂100g', 'D', 0, '2017-06-01 00:00:00', 1),
('product_sp_005b', '金柑苦茶洗髮皂50g', 'D', 0, '2017-06-01 00:00:00', 0),
('product_sp_006a', '石花淨白洗面皂100g', 'D', 0, '2017-06-01 00:00:00', 1),
('product_sp_006b', '石花淨白洗面皂50g', 'D', 0, '2017-06-01 00:00:00', 0),
('product_sp_box_001', '三三台東意象禮盒組', 'D', 0, '2017-06-01 00:00:00', 1),
('product_sp_box_002', '三三宜蘭經典禮盒組', 'D', 0, '2017-06-01 00:00:00', 1),
('product_ss_001', '洛神紅麴旅用皂絲', 'D', 0, '2017-06-01 00:00:00', 1),
('product_ss_002', '暖暖薑黃旅用皂絲', 'D', 0, '2017-06-01 00:00:00', 1),
('product_ss_003', '萱草米黃旅用皂絲', 'D', 0, '2017-06-01 00:00:00', 1),
('product_ss_004', '黑豆清爽旅用皂絲', 'D', 0, '2017-06-01 00:00:00', 1),
('product_ss_005', '米糠馬賽旅用皂絲', 'D', 0, '2017-06-01 00:00:00', 1),
('product_ss_006', '蜂蜜甜心旅用皂絲', 'D', 0, '2017-06-01 00:00:00', 1),
('product_ss_box_001', '三三台東意象皂絲旅行組', 'D', 0, '2017-06-01 00:00:00', 1),
('product_ss_box_002', '三三宜蘭經典皂絲旅行組', 'D', 0, '2017-06-01 00:00:00', 1),
('moon_box_1', '中秋禮皂-月兔捉迷藏100g', 'D', 0, '2017-06-01 00:00:00', 0),
('moon_box_2', '中秋禮皂-月兔捉迷藏50g', 'D', 0, '2017-06-01 00:00:00', 0),
('moon_box_3', '中秋禮皂-熱氣球登月100g', 'D', 0, '2017-06-01 00:00:00', 0),
('moon_box_4', '中秋禮皂-熱氣球登月50g', 'D', 0, '2017-06-01 00:00:00', 0),
('moon_box_5', '中秋小禮盒(米皂)', 'D', 0, '2017-06-01 00:00:00', 0),
('moon_box_6', '中秋小禮盒(金針皂)', 'D', 0, '2017-06-01 00:00:00', 0),
('moon_box_7', '中秋小禮盒(釋迦皂)', 'D', 0, '2017-06-01 00:00:00', 0),
('sp_001', '米皂', 'E', 0, '2017-06-01 00:00:00', 0),
('sp_001_100', '米皂100g', 'E', 0, '2017-06-01 00:00:00', 1),
('sp_001_50', '米皂50g', 'E', 0, '2017-06-01 00:00:00', 0),
('sp_001_houshanpi', '後山埤的米皂', 'H', 0, '2017-06-01 00:00:00', 0),
('sp_001_100_houshanpi', '後山埤的米皂100g', 'H', 0, '2017-06-01 00:00:00', 1),
('sp_001_50_houshanpi', '後山埤的米皂50g', 'H', 0, '2017-06-01 00:00:00', 0),
('sp_002', '金針皂', 'E', 0, '2017-06-01 00:00:00', 0),
('sp_002_100', '金針皂100g', 'E', 0, '2017-06-01 00:00:00', 1),
('sp_002_50', '金針皂50g', 'E', 0, '2017-06-01 00:00:00', 0),
('sp_002_houshanpi', '後山埤的金針皂', 'H', 0, '2017-06-01 00:00:00', 0),
('sp_002_100_houshanpi', '後山埤的金針皂100g', 'H', 0, '2017-06-01 00:00:00', 1),
('sp_002_50_houshanpi', '後山埤的金針皂50g', 'H', 0, '2017-06-01 00:00:00', 0),
('sp_003', '釋迦皂', 'E', 0, '2017-06-01 00:00:00', 0),
('sp_003_100', '釋迦皂100g', 'E', 0, '2017-06-01 00:00:00', 1),
('sp_003_50', '釋迦皂50g', 'E', 0, '2017-06-01 00:00:00', 0),
('sp_003_houshanpi', '後山埤的釋迦皂', 'H', 0, '2017-06-01 00:00:00', 0),
('sp_003_100_houshanpi', '後山埤的釋迦皂100g', 'H', 0, '2017-06-01 00:00:00', 1),
('sp_003_50_houshanpi', '後山埤的釋迦皂50g', 'H', 0, '2017-06-01 00:00:00', 0),
('sp_004', '地瓜皂', 'E', 0, '2017-06-01 00:00:00', 0),
('sp_004_100', '地瓜皂100g', 'E', 0, '2017-06-01 00:00:00', 1),
('sp_004_50', '地瓜皂50g', 'E', 0, '2017-06-01 00:00:00', 0),
('sp_005', '金棗皂', 'E', 0, '2017-06-01 00:00:00', 0),
('sp_005_100', '金棗皂100g', 'E', 0, '2017-06-01 00:00:00', 1),
('sp_005_50', '金棗皂50g', 'E', 0, '2017-06-01 00:00:00', 0),
('sp_006', '海藻皂', 'E', 0, '2017-06-01 00:00:00', 0),
('sp_006_100', '海藻皂100g', 'E', 0, '2017-06-01 00:00:00', 1),
('sp_006_50', '海藻皂50g', 'E', 0, '2017-06-01 00:00:00', 0),
('ss_001', '洛神皂', 'E', 0, '2017-06-01 00:00:00', 1),
('ss_002', '紅麴皂', 'E', 0, '2017-06-01 00:00:00', 1),
('ss_003', '薑黃皂', 'E', 0, '2017-06-01 00:00:00', 1),
('ss_004', '蕁麻葉皂', 'E', 0, '2017-06-01 00:00:00', 1),
('ss_005', '金針皂', 'E', 0, '2017-06-01 00:00:00', 1),
('ss_006', '紅棕梠皂', 'E', 0, '2017-06-01 00:00:00', 1),
('ss_007', '黑豆皂', 'E', 0, '2017-06-01 00:00:00', 1),
('ss_008', '竹炭皂', 'E', 0, '2017-06-01 00:00:00', 1),
('ss_009', '米粉皂', 'E', 0, '2017-06-01 00:00:00', 1),
('ss_010', '蕁麻葉皂', 'E', 0, '2017-06-01 00:00:00', 1),
('ss_011', '蜂蜜皂', 'E', 0, '2017-06-01 00:00:00', 1),
('slice_ss_001', '洛神紅麴皂絲', 'E', 0, '2017-06-01 00:00:00', 1),
('slice_ss_002', '暖暖薑黃皂絲', 'E', 0, '2017-06-01 00:00:00', 1),
('slice_ss_003', '萱草米黃皂絲', 'E', 0, '2017-06-01 00:00:00', 1),
('slice_ss_004', '黑豆清爽皂絲', 'E', 0, '2017-06-01 00:00:00', 1),
('slice_ss_005', '米糠馬賽皂絲', 'E', 0, '2017-06-01 00:00:00', 1),
('slice_ss_006', '蜂蜜甜心皂絲', 'E', 0, '2017-06-01 00:00:00', 1);


-- --------------------------------------------------------

--
-- 資料表結構 `CONTROLMAS`
--

CREATE TABLE `CONTROLMAS` (
  `NEXT_NO` int(11) NOT NULL
) ENGINE=InnoDB DEFAULT CHARSET=utf8 COLLATE=utf8_bin COMMENT='控制檔';

--
-- 資料表的匯出資料 `CONTROLMAS`
--

INSERT INTO `CONTROLMAS` (`NEXT_NO`) VALUES
('100001');

-- --------------------------------------------------------

--
-- 資料表結構 `MEMBERMAS`
--

CREATE TABLE `MEMBERMAS` (
  `ACCOUNT` varchar(15) COLLATE utf8_bin NOT NULL,
  `NAME` varchar(15) COLLATE utf8_bin NOT NULL,
  `PASSWORD` varchar(15) COLLATE utf8_bin NOT NULL,
  `TOKEN` varchar(32) COLLATE utf8_bin DEFAULT NULL,
  `AUTHORITY` varchar(1) COLLATE utf8_bin NOT NULL,
  `CREATEDATE` datetime NOT NULL,
  `ONLINEDATE` datetime NOT NULL,
  `ACTCODE` tinyint(1) NOT NULL DEFAULT '1'
) ENGINE=InnoDB DEFAULT CHARSET=utf8 COLLATE=utf8_bin COMMENT='成員主檔';

--
-- 資料表的匯出資料 `MEMBERMAS`
--

INSERT INTO `MEMBERMAS` (`ACCOUNT`, `NAME`, `PASSWORD`, `TOKEN`, `AUTHORITY`, `CREATEDATE`, `ONLINEDATE`, `ACTCODE`) VALUES
('trisoap', 'trisoap', 'trisoap', NULL, 'A', '2017-06-01 00:00:00', '2017-06-01 00:00:00', 1),
('beitou', 'beitou', 'beitou', NULL, 'B', '2017-06-01 00:00:00', '2017-06-01 00:00:00', 1),
('houshanpi', 'houshanpi', 'houshanpi', NULL, 'C', '2017-06-01 00:00:00', '2017-06-01 00:00:00', 1),
('taitung', 'taitung', 'taitung', NULL, 'D', '2017-06-01 00:00:00', '2017-06-01 00:00:00', 1),
('intern', 'intern', 'intern', NULL, 'E', '2017-06-01 00:00:00', '2017-06-01 00:00:00', 1),
('yilan', 'yilan', 'yilan', NULL, 'I', '2017-06-01 00:00:00', '2017-06-01 00:00:00', 1);

-- --------------------------------------------------------

--
-- 資料表結構 `COMMANDMAS`
--

CREATE TABLE `CMDMAS` (
  `CMDNO` varchar(15) COLLATE utf8_bin NOT NULL,
  `TARGET` varchar(15) COLLATE utf8_bin NOT NULL,
  `SENDER` varchar(15) COLLATE utf8_bin DEFAULT NULL,
  `RECEIVER` varchar(15) COLLATE utf8_bin DEFAULT NULL,
  `CMDSTAT` varchar(1) COLLATE utf8_bin NOT NULL,
  `CMDTYPE` varchar(1) COLLATE utf8_bin NOT NULL,
  `NOTICE` varchar(50) COLLATE utf8_bin DEFAULT NULL,
  `STARTDATE` date DEFAULT NULL,
  `ENDDATE` date DEFAULT NULL,
  `FILESTAT` tinyint(1) NOT NULL DEFAULT '0',
  `REVIEWDATE` datetime NOT NULL,
  `CREATEDATE` datetime NOT NULL,
  `UPDATEDATE` datetime NOT NULL,
  `ACTCODE` tinyint(1) NOT NULL DEFAULT '1'
) ENGINE=InnoDB DEFAULT CHARSET=utf8 COLLATE=utf8_bin COMMENT='下單主檔';

-- --------------------------------------------------------

--
-- 資料表結構 `CMDDTLMAS`
--

CREATE TABLE `CMDDTLMAS` (
  `CMDNO` varchar(15) COLLATE utf8_bin NOT NULL,
  `ITEMNO` varchar(25) COLLATE utf8_bin NOT NULL,
  `ITEMNM` varchar(50) COLLATE utf8_bin NOT NULL,
  `ITEMAMT` int(11) NOT NULL,
  `CHECKSTAT` tinyint(1) NOT NULL DEFAULT '0'
) ENGINE=InnoDB DEFAULT CHARSET=utf8 COLLATE=utf8_bin COMMENT='請求內容主檔';

-- --------------------------------------------------------

--
-- 資料表結構 `RQSTDTLMAS`
--

CREATE TABLE `RQSTDTLMAS` (
  `RQSTNO` varchar(15) COLLATE utf8_bin NOT NULL,
  `ITEMNO` varchar(25) COLLATE utf8_bin NOT NULL,
  `ITEMNM` varchar(50) COLLATE utf8_bin NOT NULL,
  `ITEMAMT` int(11) NOT NULL
) ENGINE=InnoDB DEFAULT CHARSET=utf8 COLLATE=utf8_bin COMMENT='請求內容主檔';

-- --------------------------------------------------------

--
-- 資料表結構 `RQSTMAS`
--

CREATE TABLE `RQSTMAS` (
  `RQSTNO` varchar(15) COLLATE utf8_bin NOT NULL,
  `SENDER` varchar(15) COLLATE utf8_bin NOT NULL,
  `RECEIVER` varchar(15) COLLATE utf8_bin NOT NULL,
  `SENDERDATE` datetime NOT NULL,
  `RECEIVERDATE` datetime DEFAULT NULL,
  `RQSTSTAT` varchar(1) COLLATE utf8_bin NOT NULL,
  `SHIPFEE` int(11) NOT NULL DEFAULT '0',
  `NOTICE` varchar(50) COLLATE utf8_bin DEFAULT NULL,
  `CREATEDATE` datetime NOT NULL,
  `UPDATEDATE` datetime NOT NULL,
  `ACTCODE` tinyint(1) NOT NULL DEFAULT '1'
) ENGINE=InnoDB DEFAULT CHARSET=utf8 COLLATE=utf8_bin COMMENT='請求主檔';

-- --------------------------------------------------------

--
-- 資料表結構 `WHOUSEITEMMAS`
--

CREATE TABLE `WHOUSEITEMMAS` (
  `WHOUSENO` varchar(15) COLLATE utf8_bin NOT NULL,
  `ITEMNO` varchar(25) COLLATE utf8_bin NOT NULL,
  `ITEMNM` varchar(50) COLLATE utf8_bin NOT NULL,
  `ITEMCLASS` varchar(1) COLLATE utf8_bin NOT NULL,
  `TOTALAMT` int(11) NOT NULL,
  `UPDATEDATE` datetime NOT NULL,
  `ACTCODE` tinyint(1) NOT NULL DEFAULT '1'
) ENGINE=InnoDB DEFAULT CHARSET=utf8 COLLATE=utf8_bin COMMENT='倉儲物料主檔';

--
-- 資料表的匯出資料 `WHOUSEITEMMAS`
--

INSERT INTO `WHOUSEITEMMAS` (`WHOUSENO`, `ITEMNO`, `ITEMNM`, `ITEMCLASS`, `TOTALAMT`, `UPDATEDATE`, `ACTCODE`) VALUES
('Beitou', 'oil_001', '橄欖油', 'A', 0, '2017-06-01 00:00:00', 1),
('Beitou', 'oil_002', '棕梠油', 'A', 0, '2017-06-01 00:00:00', 1),
('Beitou', 'oil_003', '椰子油', 'A', 0, '2017-06-01 00:00:00', 1),
('Beitou', 'oil_004', '米糠油', 'A', 0, '2017-06-01 00:00:00', 1),
('Beitou', 'oil_005', '紅棕梠油', 'A', 0, '2017-06-01 00:00:00', 1),
('Beitou', 'oil_006', '葡萄籽油', 'A', 0, '2017-06-01 00:00:00', 1),
('Beitou', 'oil_007', '苦茶油', 'A', 0, '2017-06-01 00:00:00', 1),
('Beitou', 'oil_008', '蓖麻油', 'A', 0, '2017-06-01 00:00:00', 1),
('Beitou', 'oil_009', '乳油木果脂', 'A', 0, '2017-06-01 00:00:00', 1),
('Beitou', 'NaOH', '鹼', 'A', 0, '2017-06-01 00:00:00', 1),
('Beitou', 'additive_001', '金針花瓣', 'B', 0, '2017-06-01 00:00:00', 1),
('Beitou', 'additive_002', '釋迦果粉', 'B', 0, '2017-06-01 00:00:00', 1),
('Beitou', 'additive_003', '釋迦果泥', 'B', 0, '2017-06-01 00:00:00', 1),
('Beitou', 'additive_004', '米粉', 'B', 0, '2017-06-01 00:00:00', 1),
('Beitou', 'additive_005', '蕁麻葉粉', 'B', 0, '2017-06-01 00:00:00', 1),
('Beitou', 'additive_006', '金盞花粉', 'B', 0, '2017-06-01 00:00:00', 1),
('Beitou', 'additive_007', '金針花粉', 'B', 0, '2017-06-01 00:00:00', 1),
('Beitou', 'additive_008', '薑黃粉', 'B', 0, '2017-06-01 00:00:00', 1),
('Beitou', 'additive_009', '紅麴粉', 'B', 0, '2017-06-01 00:00:00', 1),
('Beitou', 'additive_010', '洛神花粉', 'B', 0, '2017-06-01 00:00:00', 1),
('Beitou', 'package_001', '不織布包', 'C', 0, '2017-06-01 00:00:00', 1),
('Beitou', 'package_002a', '洛神紅麴皂絲鋁包', 'C', 0, '2017-06-01 00:00:00', 1),
('Beitou', 'package_002b', '暖暖薑黃皂絲鋁包', 'C', 0, '2017-06-01 00:00:00', 1),
('Beitou', 'package_002c', '萱草米黃皂絲鋁包', 'C', 0, '2017-06-01 00:00:00', 1),
('Beitou', 'package_002d', '黑豆清爽皂絲鋁包', 'C', 0, '2017-06-01 00:00:00', 1),
('Beitou', 'package_002e', '米糠馬賽皂絲鋁包', 'C', 0, '2017-06-01 00:00:00', 1),
('Beitou', 'package_002f', '蜂蜜甜心皂絲鋁包', 'C', 0, '2017-06-01 00:00:00', 1),
('Beitou', 'package_003', '單顆皂禮盒封套', 'C', 0, '2017-06-01 00:00:00', 1),
('Beitou', 'package_004', '單顆皂禮盒內盒', 'C', 0, '2017-06-01 00:00:00', 1),
('Beitou', 'package_005', '皂絲禮盒', 'C', 0, '2017-06-01 00:00:00', 1),
('Beitou', 'package_006', '內襯', 'C', 0, '2017-06-01 00:00:00', 1),
('Beitou', 'package_007a', '米皂外盒100g', 'C', 0, '2017-06-01 00:00:00', 1),
('Beitou', 'package_007b', '米皂外盒50g', 'C', 0, '2017-06-01 00:00:00', 0),
('Beitou', 'package_008a', '金針皂外盒100g', 'C', 0, '2017-06-01 00:00:00', 1),
('Beitou', 'package_008b', '金針皂外盒50g', 'C', 0, '2017-06-01 00:00:00', 0),
('Beitou', 'package_009a', '釋迦皂外盒100g', 'C', 0, '2017-06-01 00:00:00', 1),
('Beitou', 'package_009b', '釋迦皂外盒50g', 'C', 0, '2017-06-01 00:00:00', 0),
('Beitou', 'package_010a', '地瓜皂外盒100g', 'C', 0, '2017-06-01 00:00:00', 1),
('Beitou', 'package_010b', '地瓜皂外盒50g', 'C', 0, '2017-06-01 00:00:00', 0),
('Beitou', 'package_011a', '金棗皂外盒100g', 'C', 0, '2017-06-01 00:00:00', 1),
('Beitou', 'package_011b', '金棗皂外盒50g', 'C', 0, '2017-06-01 00:00:00', 0),
('Beitou', 'package_012a', '海藻皂外盒100g', 'C', 0, '2017-06-01 00:00:00', 1),
('Beitou', 'package_012b', '海藻皂外盒50g', 'C', 0, '2017-06-01 00:00:00', 0),
('Beitou', 'moon_package_1', '中秋大禮盒上蓋(兔子)', 'C', 0, '2017-06-01 00:00:00', 0),
('Beitou', 'moon_package_2', '中秋大禮盒上蓋(熱氣球)', 'C', 0, '2017-06-01 00:00:00', 0),
('Beitou', 'moon_package_3', '中秋大禮盒底座', 'C', 0, '2017-06-01 00:00:00', 0),
('Beitou', 'moon_package_4', '中秋大禮盒內襯', 'C', 0, '2017-06-01 00:00:00', 0),
('Beitou', 'moon_package_5', '中秋小禮盒封套', 'C', 0, '2017-06-01 00:00:00', 0),
('Beitou', 'product_sp_001a', '田靜山巒禾風皂100g', 'D', 0, '2017-06-01 00:00:00', 1),
('Beitou', 'product_sp_001b', '田靜山巒禾風皂50g', 'D', 0, '2017-06-01 00:00:00', 0),
('Beitou', 'product_sp_002a', '金絲森林渲染皂100g', 'D', 0, '2017-06-01 00:00:00', 1),
('Beitou', 'product_sp_002b', '金絲森林渲染皂50g', 'D', 0, '2017-06-01 00:00:00', 0),
('Beitou', 'product_sp_003a', '釋迦手感果力皂100g', 'D', 0, '2017-06-01 00:00:00', 1),
('Beitou', 'product_sp_003b', '釋迦手感果力皂50g', 'D', 0, '2017-06-01 00:00:00', 0),
('Beitou', 'product_sp_004a', '紅瓜天然家事皂100g', 'D', 0, '2017-06-01 00:00:00', 1),
('Beitou', 'product_sp_004b', '紅瓜天然家事皂50g', 'D', 0, '2017-06-01 00:00:00', 0),
('Beitou', 'product_sp_005a', '金柑苦茶洗髮皂100g', 'D', 0, '2017-06-01 00:00:00', 1),
('Beitou', 'product_sp_005b', '金柑苦茶洗髮皂50g', 'D', 0, '2017-06-01 00:00:00', 0),
('Beitou', 'product_sp_006a', '石花淨白洗面皂100g', 'D', 0, '2017-06-01 00:00:00', 1),
('Beitou', 'product_sp_006b', '石花淨白洗面皂50g', 'D', 0, '2017-06-01 00:00:00', 0),
('Beitou', 'product_sp_box_001', '三三台東意象禮盒組', 'D', 0, '2017-06-01 00:00:00', 1),
('Beitou', 'product_sp_box_002', '三三宜蘭經典禮盒組', 'D', 0, '2017-06-01 00:00:00', 1),
('Beitou', 'product_ss_001', '洛神紅麴旅用皂絲', 'D', 0, '2017-06-01 00:00:00', 1),
('Beitou', 'product_ss_002', '暖暖薑黃旅用皂絲', 'D', 0, '2017-06-01 00:00:00', 1),
('Beitou', 'product_ss_003', '萱草米黃旅用皂絲', 'D', 0, '2017-06-01 00:00:00', 1),
('Beitou', 'product_ss_004', '黑豆清爽旅用皂絲', 'D', 0, '2017-06-01 00:00:00', 1),
('Beitou', 'product_ss_005', '米糠馬賽旅用皂絲', 'D', 0, '2017-06-01 00:00:00', 1),
('Beitou', 'product_ss_006', '蜂蜜甜心旅用皂絲', 'D', 0, '2017-06-01 00:00:00', 1),
('Beitou', 'product_ss_box_001', '三三台東意象皂絲旅行組', 'D', 0, '2017-06-01 00:00:00', 1),
('Beitou', 'product_ss_box_002', '三三宜蘭經典皂絲旅行組', 'D', 0, '2017-06-01 00:00:00', 1),
('Beitou', 'moon_box_1', '中秋禮皂-月兔捉迷藏100g', 'D', 0, '2017-06-01 00:00:00', 0),
('Beitou', 'moon_box_2', '中秋禮皂-月兔捉迷藏50g', 'D', 0, '2017-06-01 00:00:00', 0),
('Beitou', 'moon_box_3', '中秋禮皂-熱氣球登月100g', 'D', 0, '2017-06-01 00:00:00', 0),
('Beitou', 'moon_box_4', '中秋禮皂-熱氣球登月50g', 'D', 0, '2017-06-01 00:00:00', 0),
('Beitou', 'moon_box_5', '中秋小禮盒(米皂)', 'D', 0, '2017-06-01 00:00:00', 0),
('Beitou', 'moon_box_6', '中秋小禮盒(金針皂)', 'D', 0, '2017-06-01 00:00:00', 0),
('Beitou', 'moon_box_7', '中秋小禮盒(釋迦皂)', 'D', 0, '2017-06-01 00:00:00', 0),
('Beitou', 'sp_001_100', '米皂100g', 'E', 0, '2017-06-01 00:00:00', 1),
('Beitou', 'sp_001_50', '米皂50g', 'E', 0, '2017-06-01 00:00:00', 0),
('Beitou', 'sp_002_100', '金針皂100g', 'E', 0, '2017-06-01 00:00:00', 1),
('Beitou', 'sp_002_50', '金針皂50g', 'E', 0, '2017-06-01 00:00:00', 0),
('Beitou', 'sp_003_100', '釋迦皂100g', 'E', 0, '2017-06-01 00:00:00', 1),
('Beitou', 'sp_003_50', '釋迦皂50g', 'E', 0, '2017-06-01 00:00:00', 0),
('Beitou', 'sp_004_100', '地瓜皂100g', 'E', 0, '2017-06-01 00:00:00', 1),
('Beitou', 'sp_004_50', '地瓜皂50g', 'E', 0, '2017-06-01 00:00:00', 0),
('Beitou', 'sp_005_100', '金棗皂100g', 'E', 0, '2017-06-01 00:00:00', 1),
('Beitou', 'sp_005_50', '金棗皂50g', 'E', 0, '2017-06-01 00:00:00', 0),
('Beitou', 'sp_006_100', '海藻皂100g', 'E', 0, '2017-06-01 00:00:00', 1),
('Beitou', 'sp_006_50', '海藻皂50g', 'E', 0, '2017-06-01 00:00:00', 0),
('Beitou', 'ss_001', '洛神皂', 'E', 0, '2017-06-01 00:00:00', 1),
('Beitou', 'ss_002', '紅麴皂', 'E', 0, '2017-06-01 00:00:00', 1),
('Beitou', 'ss_003', '薑黃皂', 'E', 0, '2017-06-01 00:00:00', 1),
('Beitou', 'ss_004', '蕁麻葉皂', 'E', 0, '2017-06-01 00:00:00', 1),
('Beitou', 'ss_005', '金針皂', 'E', 0, '2017-06-01 00:00:00', 1),
('Beitou', 'ss_006', '紅棕梠皂', 'E', 0, '2017-06-01 00:00:00', 1),
('Beitou', 'ss_007', '黑豆皂', 'E', 0, '2017-06-01 00:00:00', 1),
('Beitou', 'ss_008', '竹炭皂', 'E', 0, '2017-06-01 00:00:00', 1),
('Beitou', 'ss_009', '米粉皂', 'E', 0, '2017-06-01 00:00:00', 1),
('Beitou', 'ss_010', '蕁麻葉皂', 'E', 0, '2017-06-01 00:00:00', 1),
('Beitou', 'ss_011', '蜂蜜皂', 'E', 0, '2017-06-01 00:00:00', 1),
('Beitou', 'slice_ss_001', '洛神紅麴皂絲', 'E', 0, '2017-06-01 00:00:00', 1),
('Beitou', 'slice_ss_002', '暖暖薑黃皂絲', 'E', 0, '2017-06-01 00:00:00', 1),
('Beitou', 'slice_ss_003', '萱草米黃皂絲', 'E', 0, '2017-06-01 00:00:00', 1),
('Beitou', 'slice_ss_004', '黑豆清爽皂絲', 'E', 0, '2017-06-01 00:00:00', 1),
('Beitou', 'slice_ss_005', '米糠馬賽皂絲', 'E', 0, '2017-06-01 00:00:00', 1),
('Beitou', 'slice_ss_006', '蜂蜜甜心皂絲', 'E', 0, '2017-06-01 00:00:00', 1),
('Beitou', 'sp_001_100_houshanpi', '後山埤的米皂100g', 'H', 0, '2017-06-01 00:00:00', 1),
('Beitou', 'sp_001_50_houshanpi', '後山埤的米皂50g', 'H', 0, '2017-06-01 00:00:00', 0),
('Beitou', 'sp_002_100_houshanpi', '後山埤的金針皂100g', 'H', 0, '2017-06-01 00:00:00', 1),
('Beitou', 'sp_002_50_houshanpi', '後山埤的金針皂50g', 'H', 0, '2017-06-01 00:00:00', 0),
('Beitou', 'sp_003_100_houshanpi', '後山埤的釋迦皂100g', 'H', 0, '2017-06-01 00:00:00', 1),
('Beitou', 'sp_003_50_houshanpi', '後山埤的釋迦皂50g', 'H', 0, '2017-06-01 00:00:00', 0),
('Houshanpi', 'additive_001', '金針花瓣', 'B', 0, '2017-06-01 00:00:00', 1),
('Houshanpi', 'additive_002', '釋迦果粉', 'B', 0, '2017-06-01 00:00:00', 1),
('Houshanpi', 'additive_003', '釋迦果泥', 'B', 0, '2017-06-01 00:00:00', 1),
('Houshanpi', 'additive_004', '米粉', 'B', 0, '2017-06-01 00:00:00', 1),
('Houshanpi', 'additive_005', '蕁麻葉粉', 'B', 0, '2017-06-01 00:00:00', 1),
('Houshanpi', 'additive_006', '金盞花粉', 'B', 0, '2017-06-01 00:00:00', 1),
('Houshanpi', 'additive_007', '金針花粉', 'B', 0, '2017-06-01 00:00:00', 1),
('Houshanpi', 'additive_008', '薑黃粉', 'B', 0, '2017-06-01 00:00:00', 1),
('Houshanpi', 'additive_009', '紅麴粉', 'B', 0, '2017-06-01 00:00:00', 1),
('Houshanpi', 'additive_010', '洛神花粉', 'B', 0, '2017-06-01 00:00:00', 1),
('Houshanpi', 'sp_001_100_houshanpi', '後山埤的米皂100g', 'H', 0, '2017-06-01 00:00:00', 1),
('Houshanpi', 'sp_001_50_houshanpi', '後山埤的米皂50g', 'H', 0, '2017-06-01 00:00:00', 0),
('Houshanpi', 'sp_002_100_houshanpi', '後山埤的金針皂100g', 'H', 0, '2017-06-01 00:00:00', 1),
('Houshanpi', 'sp_002_50_houshanpi', '後山埤的金針皂50g', 'H', 0, '2017-06-01 00:00:00', 0),
('Houshanpi', 'sp_003_100_houshanpi', '後山埤的釋迦皂100g', 'H', 0, '2017-06-01 00:00:00', 1),
('Houshanpi', 'sp_003_50_houshanpi', '後山埤的釋迦皂50g', 'H', 0, '2017-06-01 00:00:00', 0),
('Taitung', 'oil_001', '橄欖油', 'A', 0, '2017-06-01 00:00:00', 1),
('Taitung', 'oil_002', '棕梠油', 'A', 0, '2017-06-01 00:00:00', 1),
('Taitung', 'oil_003', '椰子油', 'A', 0, '2017-06-01 00:00:00', 1),
('Taitung', 'oil_004', '米糠油', 'A', 0, '2017-06-01 00:00:00', 1),
('Taitung', 'oil_005', '紅棕梠油', 'A', 0, '2017-06-01 00:00:00', 1),
('Taitung', 'oil_006', '葡萄籽油', 'A', 0, '2017-06-01 00:00:00', 1),
('Taitung', 'oil_007', '苦茶油', 'A', 0, '2017-06-01 00:00:00', 1),
('Taitung', 'oil_008', '蓖麻油', 'A', 0, '2017-06-01 00:00:00', 1),
('Taitung', 'oil_009', '乳油木果脂', 'A', 0, '2017-06-01 00:00:00', 1),
('Taitung', 'NaOH', '鹼', 'A', 0, '2017-06-01 00:00:00', 1),
('Taitung', 'additive_001', '金針花瓣', 'B', 0, '2017-06-01 00:00:00', 1),
('Taitung', 'additive_002', '釋迦果粉', 'B', 0, '2017-06-01 00:00:00', 1),
('Taitung', 'additive_003', '釋迦果泥', 'B', 0, '2017-06-01 00:00:00', 1),
('Taitung', 'additive_004', '米粉', 'B', 0, '2017-06-01 00:00:00', 1),
('Taitung', 'additive_005', '蕁麻葉粉', 'B', 0, '2017-06-01 00:00:00', 1),
('Taitung', 'additive_006', '金盞花粉', 'B', 0, '2017-06-01 00:00:00', 1),
('Taitung', 'additive_007', '金針花粉', 'B', 0, '2017-06-01 00:00:00', 1),
('Taitung', 'additive_008', '薑黃粉', 'B', 0, '2017-06-01 00:00:00', 1),
('Taitung', 'additive_009', '紅麴粉', 'B', 0, '2017-06-01 00:00:00', 1),
('Taitung', 'additive_010', '洛神花粉', 'B', 0, '2017-06-01 00:00:00', 1),
('Taitung', 'sp_001_100', '米皂100g', 'E', 0, '2017-06-01 00:00:00', 1),
('Taitung', 'sp_001_50', '米皂50g', 'E', 0, '2017-06-01 00:00:00', 0),
('Taitung', 'sp_002_100', '金針皂100g', 'E', 0, '2017-06-01 00:00:00', 1),
('Taitung', 'sp_002_50', '金針皂50g', 'E', 0, '2017-06-01 00:00:00', 0),
('Taitung', 'sp_003_100', '釋迦皂100g', 'E', 0, '2017-06-01 00:00:00', 1),
('Taitung', 'sp_003_50', '釋迦皂50g', 'E', 0, '2017-06-01 00:00:00', 0),
('Taitung', 'ss_001', '洛神皂', 'E', 0, '2017-06-01 00:00:00', 1),
('Taitung', 'ss_002', '紅麴皂', 'E', 0, '2017-06-01 00:00:00', 1),
('Taitung', 'ss_003', '薑黃皂', 'E', 0, '2017-06-01 00:00:00', 1),
('Taitung', 'ss_004', '蕁麻葉皂', 'E', 0, '2017-06-01 00:00:00', 1),
('Taitung', 'ss_005', '金針皂', 'E', 0, '2017-06-01 00:00:00', 1),
('Taitung', 'ss_006', '紅棕梠皂', 'E', 0, '2017-06-01 00:00:00', 1),
('Yilan', 'oil_001', '橄欖油', 'A', 0, '2017-06-01 00:00:00', 1),
('Yilan', 'oil_002', '棕梠油', 'A', 0, '2017-06-01 00:00:00', 1),
('Yilan', 'oil_003', '椰子油', 'A', 0, '2017-06-01 00:00:00', 1),
('Yilan', 'oil_004', '米糠油', 'A', 0, '2017-06-01 00:00:00', 1),
('Yilan', 'oil_005', '紅棕梠油', 'A', 0, '2017-06-01 00:00:00', 1),
('Yilan', 'oil_008', '蓖麻油', 'A', 0, '2017-06-01 00:00:00', 1),
('Yilan', 'oil_009', '乳油木果脂', 'A', 0, '2017-06-01 00:00:00', 1),
('Yilan', 'oil_010', '榛果油', 'A', 0, '2017-06-01 00:00:00', 1),
('Yilan', 'oil_011', '芥花油', 'A', 0, '2017-06-01 00:00:00', 1),
('Yilan', 'oil_012', '酪梨油', 'A', 0, '2017-06-01 00:00:00', 1),
('Yilan', 'oil_013', '甜杏仁油', 'A', 0, '2017-06-01 00:00:00', 1),
('Yilan', 'oil_014', '山茶花油', 'A', 0, '2017-06-01 00:00:00', 1),
('Yilan', 'NaOH', '鹼', 'A', 0, '2017-06-01 00:00:00', 1),
('Yilan', 'additive_004', '米粉', 'B', 0, '2017-06-01 00:00:00', 1),
('Yilan', 'additive_005', '蕁麻葉粉', 'B', 0, '2017-06-01 00:00:00', 1),
('Yilan', 'additive_011', '蜜蠟', 'B', 0, '2017-06-01 00:00:00', 1),
('Yilan', 'additive_012', '黑豆粉', 'B', 0, '2017-06-01 00:00:00', 1),
('Yilan', 'additive_013', '蜂蜜', 'B', 0, '2017-06-01 00:00:00', 1),
('Yilan', 'additive_014', '地瓜', 'B', 0, '2017-06-01 00:00:00', 1),
('Yilan', 'additive_015', '金棗', 'B', 0, '2017-06-01 00:00:00', 1),
('Yilan', 'additive_016', '海藻乾燥', 'B', 0, '2017-06-01 00:00:00', 1),
('Yilan', 'additive_017', '竹炭粉', 'B', 0, '2017-06-01 00:00:00', 1),
('Yilan', 'package_001', '不織布包', 'C', 0, '2017-06-01 00:00:00', 1),
('Yilan', 'package_002d', '黑豆清爽皂絲鋁包', 'C', 0, '2017-06-01 00:00:00', 1),
('Yilan', 'package_002e', '米糠馬賽皂絲鋁包', 'C', 0, '2017-06-01 00:00:00', 1),
('Yilan', 'package_002f', '蜂蜜甜心皂絲鋁包', 'C', 0, '2017-06-01 00:00:00', 1),
('Yilan', 'package_003', '單顆皂禮盒封套', 'C', 0, '2017-06-01 00:00:00', 1),
('Yilan', 'package_004', '單顆皂禮盒內盒', 'C', 0, '2017-06-01 00:00:00', 1),
('Yilan', 'package_005', '皂絲禮盒', 'C', 0, '2017-06-01 00:00:00', 1),
('Yilan', 'package_006', '內襯', 'C', 0, '2017-06-01 00:00:00', 1),
('Yilan', 'package_010a', '地瓜皂外盒100g', 'C', 0, '2017-06-01 00:00:00', 1),
('Yilan', 'package_010b', '地瓜皂外盒50g', 'C', 0, '2017-06-01 00:00:00', 0),
('Yilan', 'package_011a', '金棗皂外盒100g', 'C', 0, '2017-06-01 00:00:00', 1),
('Yilan', 'package_011b', '金棗皂外盒50g', 'C', 0, '2017-06-01 00:00:00', 0),
('Yilan', 'package_012a', '海藻皂外盒100g', 'C', 0, '2017-06-01 00:00:00', 1),
('Yilan', 'package_012b', '海藻皂外盒50g', 'C', 0, '2017-06-01 00:00:00', 0),
('Yilan', 'product_sp_004a', '紅瓜天然家事皂100g', 'D', 0, '2017-06-01 00:00:00', 1),
('Yilan', 'product_sp_004b', '紅瓜天然家事皂50g', 'D', 0, '2017-06-01 00:00:00', 0),
('Yilan', 'product_sp_005a', '金柑苦茶洗髮皂100g', 'D', 0, '2017-06-01 00:00:00', 1),
('Yilan', 'product_sp_005b', '金柑苦茶洗髮皂50g', 'D', 0, '2017-06-01 00:00:00', 0),
('Yilan', 'product_sp_006a', '石花淨白洗面皂100g', 'D', 0, '2017-06-01 00:00:00', 1),
('Yilan', 'product_sp_006b', '石花淨白洗面皂50g', 'D', 0, '2017-06-01 00:00:00', 0),
('Yilan', 'product_sp_box_002', '三三宜蘭經典禮盒組', 'D', 0, '2017-06-01 00:00:00', 1),
('Yilan', 'product_ss_004', '黑豆清爽旅用皂絲', 'D', 0, '2017-06-01 00:00:00', 1),
('Yilan', 'product_ss_005', '米糠馬賽旅用皂絲', 'D', 0, '2017-06-01 00:00:00', 1),
('Yilan', 'product_ss_006', '蜂蜜甜心旅用皂絲', 'D', 0, '2017-06-01 00:00:00', 1),
('Yilan', 'product_ss_box_002', '三三宜蘭經典皂絲旅行組', 'D', 0, '2017-06-01 00:00:00', 1),
('Yilan', 'sp_004_100', '地瓜皂100g', 'E', 0, '2017-06-01 00:00:00', 1),
('Yilan', 'sp_004_50', '地瓜皂50g', 'E', 0, '2017-06-01 00:00:00', 0),
('Yilan', 'sp_005_100', '金棗皂100g', 'E', 0, '2017-06-01 00:00:00', 1),
('Yilan', 'sp_005_50', '金棗皂50g', 'E', 0, '2017-06-01 00:00:00', 0),
('Yilan', 'sp_006_100', '海藻皂100g', 'E', 0, '2017-06-01 00:00:00', 1),
('Yilan', 'sp_006_50', '海藻皂50g', 'E', 0, '2017-06-01 00:00:00', 0),
('Yilan', 'ss_007', '黑豆皂', 'E', 0, '2017-06-01 00:00:00', 1),
('Yilan', 'ss_008', '竹炭皂', 'E', 0, '2017-06-01 00:00:00', 1),
('Yilan', 'ss_009', '米粉皂', 'E', 0, '2017-06-01 00:00:00', 1),
('Yilan', 'ss_010', '蕁麻葉皂', 'E', 0, '2017-06-01 00:00:00', 1),
('Yilan', 'ss_011', '蜂蜜皂', 'E', 0, '2017-06-01 00:00:00', 1),
('Yilan', 'slice_ss_004', '黑豆清爽皂絲', 'E', 0, '2017-06-01 00:00:00', 1),
('Yilan', 'slice_ss_005', '米糠馬賽皂絲', 'E', 0, '2017-06-01 00:00:00', 1),
('Yilan', 'slice_ss_006', '蜂蜜甜心皂絲', 'E', 0, '2017-06-01 00:00:00', 1);

-- --------------------------------------------------------

--
-- 資料表結構 `WHOUSEMAS`
--

CREATE TABLE `WHOUSEMAS` (
  `WHOUSENO` varchar(15) COLLATE utf8_bin NOT NULL,
  `DESCRIPT` varchar(50) COLLATE utf8_bin NOT NULL,
  `TOTALAMT` int(11) NOT NULL,
  `UPDATEDATE` datetime NOT NULL,
  `ACTCODE` tinyint(1) NOT NULL DEFAULT '1'
) ENGINE=InnoDB DEFAULT CHARSET=utf8 COLLATE=utf8_bin COMMENT='倉庫主檔';

--
-- 資料表的匯出資料 `WHOUSEMAS`
--

INSERT INTO `WHOUSEMAS` (`WHOUSENO`, `DESCRIPT`, `TOTALAMT`, `UPDATEDATE`, `ACTCODE`) VALUES
('Beitou', '北投', 0, '2017-06-01 00:00:00', 1),
('Houshanpi', '後山埤', 0, '2017-06-01 00:00:00', 1),
('Taitung', '台東', 0, '2017-06-01 00:00:00', 1),
('Yilan', '宜蘭', 0, '2017-06-01 00:00:00', 1);

--
-- 已匯出資料表的索引
--

--
-- 資料表索引 `ITEMMAS`
--
ALTER TABLE `ITEMMAS`
  ADD PRIMARY KEY (`ITEMNO`);

--
-- 資料表索引 `MEMBERMAS`
--
ALTER TABLE `MEMBERMAS`
  ADD PRIMARY KEY (`ACCOUNT`);

--
-- 資料表索引 `RQSTDTLMAS`
--
ALTER TABLE `RQSTDTLMAS`
  ADD PRIMARY KEY (`RQSTNO`,`ITEMNO`);

--
-- 資料表索引 `RQSTMAS`
--
ALTER TABLE `RQSTMAS`
  ADD PRIMARY KEY (`RQSTNO`);

--
-- 資料表索引 `WHOUSEITEMMAS`
--
ALTER TABLE `WHOUSEITEMMAS`
  ADD PRIMARY KEY (`WHOUSENO`,`ITEMNO`);

--
-- 資料表索引 `WHOUSEMAS`
--
ALTER TABLE `WHOUSEMAS`
  ADD PRIMARY KEY (`WHOUSENO`);

/*!40101 SET CHARACTER_SET_CLIENT=@OLD_CHARACTER_SET_CLIENT */;
/*!40101 SET CHARACTER_SET_RESULTS=@OLD_CHARACTER_SET_RESULTS */;
/*!40101 SET COLLATION_CONNECTION=@OLD_COLLATION_CONNECTION */;
